minutes,samples,reincarnations_p10,reincarnations_p50,reincarnations_p90,eligibleHeroCount_p10,eligibleHeroCount_p50,eligibleHeroCount_p90,eligibleMonsterCount_p10,eligibleMonsterCount_p50,eligibleMonsterCount_p90,chosenHeroCount_p10,chosenHeroCount_p50,chosenHeroCount_p90,killedMonsterCount_p10,killedMonsterCount_p50,killedMonsterCount_p90,longestDiscoveryGapSec_p10,longestDiscoveryGapSec_p50,longestDiscoveryGapSec_p90
5,100,2,2,2,30,30,31,111,112,114,2,2,2,76,81,85,28,36.3,55.5
15,100,7,7,7,56,58,60,122,124,126,7,7,7,119,122,124,90.1,106.5,117.5
30,100,15,15,15,65,65,66,132,132,132,15,15,15,131,131,131,120,120,120
45,100,22,22,22,66,67,67,133,133,133,22,22,22,132,132,132,120,120,240
60,100,30,30,30,68,68,68,133,133,133,30,30,30,133,133,133,158,240,360
90,100,45,45,45,68,68,68,133,133,133,45,45,45,133,133,133,360,480,720
120,100,60,60,60,68,68,68,133,133,133,50,50,50,133,133,133,1241,1363,1841
240,100,120,120,120,68,68,68,133,133,133,50,50,50,133,133,133,8441,8563,9041
480,100,240,240,240,68,68,68,133,133,133,50,50,50,133,133,133,22841,22963,23441
600,100,300,300,300,68,68,68,133,133,133,50,50,50,133,133,133,30041,30163,30641
720,100,360,360,360,68,68,68,133,133,133,50,50,50,133,133,133,37241,37363,37841
